 From Current Account,Internal
 To Savings Account,Internal
 Coffee #1,Food & Dining
 Tesco,Grocery
 Income-Salary,Income
 Co-op,Internal	
 Costa,Food & Dining
 Lidl,Food & Dining
 Pret a Manger,Food & Dining
 Wagamama,Food & Dining
 Piano Lessons,Health & Fitness
 Starbucks,Food & Dining
 Sainsburys,Grocery
 RBS - Mortgage payment,Mortgage
 Asda,Grocery
 Swimming Lessons,Health & Fitness
 Vodaphone,Bills & Utilities
 Axminster,Bills & Utilities
 Nuffield Health Gym,Health & Fitness
 Netflix,Entertainment
 British Gas,Bills & Utilities
 Magazine subscription,Entertainment
 Bil's,Food & Dining
 Morrison,Food & Dining
 Nando's,Food & Dining
 Yandles,Bills & Utilities
 Hobbycraft,Bills & Utilities
 Gymnastics,Health & Fitness
 Aldi,Bills & Utilities
 GBK,Food & Dining
 Zizzi,Food & Dining
 Monthly savings,Investement
 Pizzeria Mama Roma,Food & Dining
 Standing order to RBOS80540122222222,Internal
 Ref2,Food & Dining
 EE,Bills & Utilities
 Octopus Energy,Bills & Utilities
 Orange,Bills & Utilities